Step,Value
53,0
80,130.0
142,260.0
269,390.0
384,390.0
407,520.0
491,650.0000198364258
529,780.0000099182129
590,910.0
630,1039.9999603271485
681,1170.0
808,1299.9999603271485
825,1300.0000396728517
860,1430.0000396728517
906,1560.0000198364257
1033,1689.9999504089355
1067,1690.0
1194,1820.0000495910645
