Step,Value
28,0
155,100.0
282,100.0
409,99.99999618530273
536,100.0
663,100.0
790,99.99999618530273
917,99.99999904632568
1044,100.0
1171,99.99999618530273
