Step,Value
127,0
242,0.0
369,100.0
496,99.99999618530273
623,100.0
750,100.0
877,99.99999618530273
1004,99.99999904632568
1131,100.0
