Step,Value
127,0.27559053897857666
210,0.2904762029647827
337,0.2759643793106079
464,0.2586206793785095
478,0.2594142258167267
512,0.263671875
585,0.25811967253685
619,0.256865918636322
746,0.25871312618255615
762,0.254593163728714
797,0.2521957457065582
862,0.24361948668956757
891,0.24466891586780548
1002,0.2385229468345642
1045,0.24593301117420197
1116,0.24641576409339905
