Step,Value
61,0.19672131538391113
188,0.20212766528129578
302,0.2218542993068695
429,0.24009324610233307
556,0.25
667,0.2398800551891327
706,0.24362605810165405
753,0.2456839382648468
880,0.24659091234207153
900,0.24666666984558105
935,0.24278074502944946
1062,0.24011299014091492
1071,0.2380952388048172
1094,0.23765996098518372
1161,0.2420327365398407
