Step,Value
127,0
179,0.0
306,100.0
338,99.99999618530273
383,200.0
490,300.0
526,399.99998474121094
578,500.00001525878906
646,600.0
745,700.0000076293945
761,800.0
767,900.0000228881836
863,1000.0000305175781
885,1100.0000305175781
1002,1200.000015258789
1015,1299.9999618530273
1065,1400.0
1099,1499.9999389648438
