Step,Value
43,0
170,100.0
297,100.0
424,99.99999618530273
551,100.0
678,100.0
805,99.99999618530273
932,99.99999904632568
1024,100.0
1151,199.99999237060547
