Step,Value
127,0
169,0.0
296,100.0
423,99.99999618530273
550,100.0
677,100.0
804,99.99999618530273
931,99.99999904632568
1058,100.0
1185,99.99999618530273
