Step,Value
53,1.0
80,1.0
142,0.6690140962600708
269,0.371747225522995
384,0.2682291567325592
407,0.2555282413959503
491,0.2138492912054062
529,0.20037807524204254
590,0.18305084109306335
630,0.17142857611179352
681,0.15859030187129974
808,0.14851485192775726
825,0.145454540848732
860,0.13953489065170288
906,0.1346578299999237
1033,0.11907067149877548
1067,0.11527647823095322
1194,0.10301507264375687
