Step,Value
127,0.8818897604942322
182,0.6703296899795532
206,0.6262136101722717
333,0.4354354441165924
373,0.39946380257606506
500,0.3319999873638153
577,0.2911611795425415
673,0.24962852895259857
712,0.23595505952835083
718,0.23398329317569733
748,0.2245989292860031
773,0.2173350602388382
841,0.19976218044757843
920,0.1826086938381195
1003,0.16749750077724457
1027,0.16358324885368347
1117,0.15040285885334015
