Step,Value
127,0.25196850299835205
254,0.27559053897857666
381,0.254593163728714
508,0.25590550899505615
634,0.2444794923067093
685,0.24379561841487885
768,0.2408854216337204
861,0.23577235639095306
888,0.23536035418510437
960,0.24375000596046448
1014,0.2455621361732483
1073,0.24044734239578247
1170,0.2410256415605545
1187,0.23925863206386566
