Step,Value
127,0.27559053897857666
210,0.2857142984867096
337,0.2640949487686157
355,0.26478874683380127
430,0.27441859245300293
442,0.2760181128978729
569,0.2688927948474884
617,0.26256078481674194
726,0.26446279883384705
853,0.2626025676727295
880,0.2590909004211426
951,0.2513144016265869
1036,0.25193050503730774
1163,0.25709372758865356
1192,0.25503355264663696
