Step,Value
127,0
210,0.0
337,100.0
355,99.99999618530273
430,200.0
442,300.0
569,399.99998474121094
617,399.99999618530273
726,500.0
853,599.9999771118164
880,600.0
951,700.0000038146973
1036,799.9999694824219
1163,899.9999618530273
1192,899.9999847412109
