Step,Value
127,0
210,0.0
337,100.0
464,99.99999618530273
478,100.0
512,200.0
585,300.0
619,399.99999618530273
746,500.0
762,500.00001525878906
797,600.0
862,700.0000038146973
891,799.9999694824219
1002,899.9999618530273
1045,1000.0000305175781
1116,1100.0000381469727
