Step,Value
127,0.4881889820098877
179,0.5083798766136169
306,0.5
338,0.48520711064338684
383,0.48825064301490784
490,0.48775508999824524
526,0.49809885025024414
578,0.4913494884967804
646,0.49845200777053833
745,0.4966442883014679
761,0.4954007863998413
767,0.49413299560546875
863,0.4831981360912323
885,0.4847457706928253
1002,0.48003992438316345
1015,0.4798029661178589
1065,0.4845070540904999
1099,0.4849863648414612
