Step,Value
208,0.4663461446762085
303,0.47194719314575195
310,0.4677419364452362
343,0.46355685591697693
551,0.4664246737957001
715,0.4895104765892029
878,0.4897494316101074
1043,0.4899328947067261
1251,0.49240607023239136
1416,0.4957627058029175
1449,0.4941338896751404
1580,0.49873417615890503
1788,0.49888142943382263
1918,0.4911366105079651
2006,0.48953139781951904
2133,0.48523205518722534
2255,0.4878048896789551
2386,0.4899413287639618
